{
    "videoid":"1245",
    "videokey":"RY5kpDO6BvoO",
    "slug_id":"63",
    "video_password":"",
    "video_users":" ",
    "username":"admin",
    "userid":"1",
    "title":"Test4",
    "flv":"",
    "file_name":"1342165436bcc04",
    "description":"Test4",
    "tags":"Test4",
    "category":"#20# ",
    "category_parents":"",
    "broadcast":"private",
    "location":"",
    "datecreated":"2012-07-13",
    "country":"0",
    "allow_embedding":"yes",
    "rating":"0",
    "rated_by":"0",
    "voter_ids":"",
    "allow_comments":"yes",
    "comment_voting":"yes",
    "comments_count":"0",
    "last_commented":"0000-00-00 00:00:00",
    "subscription_email":"pending",
    "featured":"no",
    "featured_date":"0000-00-00 00:00:00",
    "featured_description":"",
    "allow_rating":"yes",
    "active":"yes",
    "favourite_count":"0",
    "playlist_count":"0",
    "views":"0",
    "last_viewed":"2012-07-25 23:42:29",
    "date_added":"2012-07-13 12:43:59",
    "flagged":"no",
    "duration":"1",
    "status":"Processing",
    "failed_reason":"none",
    "flv_file_url":null,
    "default_thumb":"0",
    "aspect_ratio":"",
    "embed_code":"none",
    "refer_url":"",
    "downloads":"0",
    "uploader_ip":"127.0.0.1",
    "has_sprite":"0",
    "sprite_thumbs_no":"0",
    "tr_stored_thumbs":"0",
    "mass_embed_status":"no",
    "is_hd":"no",
    "ebay_epn_keywords":"",
    "ebay_pre_desc":"",
    "unique_embed_code":"",
    "mature_content":"no",
    "remote_play_url":"",
    "has_mobile":"no",
    "file_directory":"",
    "is_premium":"no",
    "credits_required":"0",
    "premium_cid":"0",
    "avatar":"1.jpg",
    "avatar_url":"",
    "email":"webmaster@localhost5.com",
    "total_videos":"485",
    "object_type":"v",
    "object_id":"1245",
    "in_use":"yes",
    "slug":"test4"
}